crime_type,location,time_of_day,severity,latitude,longitude
Robbery,Shopping Center,Evening,Low,37.74559792757599,-122.46245588903321
Vandalism,Park,Evening,Low,37.74434558363819,-122.41999265679232
Burglary,Shopping Center,Afternoon,Low,37.76021169853548,-122.41154167070789
Vandalism,Shopping Center,Night,Medium,37.75914067594225,-122.48747794404832
Vandalism,Residential,Morning,High,37.780658934232626,-122.47994470221548
Assault,Shopping Center,Night,Medium,37.74764833837783,-122.47837729908723
Burglary,Industrial Area,Morning,High,37.79961229496394,-122.43087881906135
Burglary,Shopping Center,Evening,Medium,37.70594715688673,-122.43969604449468
Burglary,Shopping Center,Morning,Medium,37.700316784858074,-122.43810084353015
Vandalism,Shopping Center,Evening,Low,37.76401983115596,-122.40592267003106
Robbery,Downtown,Night,High,37.72984349123619,-122.42240884671928
Burglary,Industrial Area,Evening,Medium,37.72403823886995,-122.48720630754882
Drug Offense,Industrial Area,Night,Medium,37.73118990800043,-122.46524929175749
Vandalism,Park,Afternoon,Low,37.7256047565105,-122.45646063538243
Assault,Residential,Afternoon,Low,37.70307900496605,-122.46040384112524
Robbery,Shopping Center,Afternoon,High,37.79715330423905,-122.43306913908381
Drug Offense,Suburb,Evening,Medium,37.72207454884528,-122.41081068967435
Drug Offense,Residential,Afternoon,High,37.77340297625893,-122.46939485364773
Assault,Residential,Morning,Medium,37.776259639469416,-122.44481228635789
Robbery,Industrial Area,Night,High,37.79292573980072,-122.42105905780865
Vandalism,Residential,Night,Low,37.70305494570934,-122.45837819411547
Theft,Shopping Center,Morning,Medium,37.7872048338447,-122.48318818716007
Robbery,Shopping Center,Evening,High,37.75272261808398,-122.45250490347362
Assault,Downtown,Evening,Low,37.76325441099658,-122.4944777479257
Drug Offense,Shopping Center,Night,Low,37.7644470277121,-122.40576165459977
Vandalism,Shopping Center,Afternoon,High,37.78197978049847,-122.4925178794805
Robbery,Industrial Area,Evening,Medium,37.733340732215915,-122.45615432847494
Theft,Shopping Center,Evening,Medium,37.773305118985995,-122.44701187389116
Theft,Downtown,Morning,Low,37.752857810972216,-122.40146961677128
Burglary,Suburb,Morning,Medium,37.77933940143053,-122.48339781763572
Burglary,Industrial Area,Afternoon,Medium,37.799054603277014,-122.48855684813877
Assault,Suburb,Evening,Medium,37.720065101740374,-122.49912938529374
Robbery,Industrial Area,Evening,Low,37.799464864156,-122.48444285631307
Robbery,Park,Morning,High,37.70898121542828,-122.47927270209324
Drug Offense,Residential,Evening,Medium,37.70023175479049,-122.43694190584169
Drug Offense,Park,Night,Low,37.70441619361779,-122.47802932096086
Drug Offense,Shopping Center,Morning,Low,37.734178240473675,-122.49794791852706
Burglary,Suburb,Afternoon,High,37.76329063306784,-122.41733816544975
Robbery,Shopping Center,Morning,Medium,37.70690295408879,-122.4634404298996
Robbery,Residential,Evening,Medium,37.70056658145296,-122.46463033134192
Theft,Industrial Area,Afternoon,High,37.793709102845874,-122.46975209708322
Burglary,Residential,Morning,High,37.78219266359399,-122.40246267228537
Vandalism,Downtown,Night,Low,37.7809183171139,-122.48298845826908
Burglary,Residential,Night,Low,37.788442427550194,-122.41017619360468
Vandalism,Downtown,Morning,High,37.77000342727721,-122.42231966678601
Theft,Residential,Night,Medium,37.71044041297481,-122.49235200445007
Assault,Downtown,Night,Low,37.73991001880737,-122.40132708984991
Robbery,Suburb,Night,Low,37.77231494864646,-122.4728634036461
Theft,Shopping Center,Afternoon,Medium,37.72803344607915,-122.49014170729775
Robbery,Shopping Center,Night,Low,37.768740636413625,-122.41706857658743
Drug Offense,Park,Night,Medium,37.702449844826766,-122.42933244663223
Assault,Shopping Center,Night,Medium,37.73061373408796,-122.43827811941222
Assault,Industrial Area,Afternoon,Medium,37.754913033627716,-122.48440191363011
Theft,Residential,Morning,High,37.76320898295062,-122.4521503883744
Assault,Park,Evening,High,37.75770406644619,-122.42194439731128
Vandalism,Industrial Area,Night,High,37.769775627607345,-122.46963760618561
Assault,Industrial Area,Morning,Medium,37.700608874823985,-122.4688310171485
Robbery,Downtown,Night,Medium,37.710094119997756,-122.49968590939518
Robbery,Shopping Center,Afternoon,High,37.78689442522791,-122.48257565983546
Robbery,Suburb,Morning,Low,37.76817486440901,-122.41245943748783
Robbery,Suburb,Afternoon,Medium,37.711293164268604,-122.45582535083624
Vandalism,Park,Night,Low,37.78420744373986,-122.40157655007656
Burglary,Suburb,Night,Low,37.72422312178246,-122.46042920364262
Drug Offense,Residential,Afternoon,Medium,37.74782598841952,-122.42848135452198
Theft,Suburb,Evening,Medium,37.71451965128847,-122.47180809570953
Robbery,Park,Afternoon,Low,37.77101100564217,-122.46361903588591
Assault,Suburb,Night,Low,37.766685442101426,-122.4809274012409
Robbery,Residential,Afternoon,High,37.72111124711662,-122.46529376315006
Assault,Downtown,Evening,High,37.7863400766857,-122.44527624795793
Drug Offense,Park,Afternoon,Medium,37.74013060242197,-122.40082271190208
Drug Offense,Downtown,Evening,High,37.72925150910707,-122.43357982869283
Drug Offense,Downtown,Evening,High,37.71523295894646,-122.48007540455917
Assault,Downtown,Afternoon,High,37.72661680125155,-122.49550385584085
Robbery,Industrial Area,Afternoon,High,37.702202692122384,-122.48736435186855
Drug Offense,Shopping Center,Morning,Low,37.758325749245614,-122.44374447987269
Vandalism,Industrial Area,Night,Medium,37.78422307463439,-122.42348396711833
Assault,Shopping Center,Evening,High,37.75489804494416,-122.40595807926994
Assault,Downtown,Morning,Low,37.72192739619239,-122.49841768280032
Robbery,Park,Afternoon,Low,37.70336691782139,-122.44772398584382
Assault,Shopping Center,Night,Low,37.721462807325885,-122.45291326437768
Assault,Residential,Morning,High,37.74161214280711,-122.43439449780243
Drug Offense,Residential,Evening,High,37.77596114286998,-122.44404211455347
Robbery,Suburb,Morning,Medium,37.71878428525378,-122.43129608494175
Drug Offense,Shopping Center,Evening,High,37.771979145335465,-122.43419174152508
Drug Offense,Park,Afternoon,High,37.786693346835186,-122.4882988275142
Robbery,Industrial Area,Night,Low,37.74539468481083,-122.42002820863813
Theft,Downtown,Night,Medium,37.78214319916426,-122.48767674242836
Drug Offense,Suburb,Night,High,37.75546573480351,-122.4301469374791
Vandalism,Residential,Afternoon,High,37.763709083708086,-122.45838546323594
Vandalism,Industrial Area,Evening,Low,37.75262784603382,-122.44861492654235
Assault,Industrial Area,Afternoon,Low,37.74631727167513,-122.40967019856244
Vandalism,Downtown,Night,High,37.72346534417758,-122.41101162735265
Assault,Shopping Center,Afternoon,Medium,37.730319405946105,-122.41821436943451
Theft,Residential,Afternoon,Medium,37.728997011894364,-122.44898516195437
Robbery,Park,Afternoon,Low,37.75632889309538,-122.42637601898662
Robbery,Industrial Area,Evening,Low,37.71199536930239,-122.44871029444812
Robbery,Downtown,Morning,High,37.79167916907023,-122.41303939175253
Vandalism,Park,Morning,Low,37.77206551452831,-122.45972241667671
Theft,Shopping Center,Afternoon,High,37.74014456309132,-122.40297646555852
Vandalism,Residential,Morning,Medium,37.71586241445264,-122.40676772417712
Vandalism,Shopping Center,Morning,Medium,37.78819921697216,-122.42583973805482
Theft,Industrial Area,Afternoon,High,37.782377809010114,-122.4720584115824
Theft,Park,Afternoon,Low,37.77217215527172,-122.48683464112068
Theft,Park,Night,Medium,37.727154704741125,-122.41452965499069
Theft,Park,Morning,Low,37.74024466374337,-122.48346977138621
Robbery,Industrial Area,Evening,Medium,37.71027482524524,-122.41457392110027
Burglary,Industrial Area,Afternoon,High,37.71890395247276,-122.45092349932877
Burglary,Shopping Center,Night,High,37.778301663731675,-122.4593443216192
Theft,Suburb,Evening,High,37.771503871885066,-122.40968092211656
Burglary,Shopping Center,Morning,Medium,37.75934857629759,-122.43961490174597
Burglary,Residential,Night,Low,37.78957267259261,-122.44233859928703
Theft,Downtown,Afternoon,Low,37.7583266517813,-122.44412340553757
Burglary,Park,Evening,Low,37.746696799996364,-122.46288304839806
Vandalism,Suburb,Afternoon,Medium,37.73403707463058,-122.4214356896471
Assault,Downtown,Morning,Medium,37.79404485057361,-122.47472015559842
Assault,Suburb,Evening,Medium,37.70827154615244,-122.40611050399588
Theft,Shopping Center,Morning,Medium,37.79308873720608,-122.41060147949531
Robbery,Industrial Area,Morning,Medium,37.7826714659931,-122.46625196743251
Theft,Park,Night,Low,37.71299299245357,-122.42705362301683
Robbery,Shopping Center,Afternoon,Medium,37.756498435767526,-122.44267768055505
Assault,Downtown,Evening,Medium,37.78665479817491,-122.46623506980008
Theft,Downtown,Morning,Low,37.75718091636072,-122.40114783520046
Drug Offense,Downtown,Morning,Medium,37.79071998215606,-122.49747626541517
Vandalism,Downtown,Evening,Low,37.7942983816816,-122.47473539693787
Burglary,Downtown,Morning,Low,37.74223845221843,-122.44799259388888
Robbery,Suburb,Night,High,37.737731366140636,-122.44780469965215
Drug Offense,Shopping Center,Night,High,37.79363211539691,-122.44110669250544
Burglary,Park,Night,High,37.767514006114965,-122.42483238279772
Burglary,Industrial Area,Night,High,37.71160226813482,-122.43765221694808
Theft,Industrial Area,Morning,Medium,37.70422917492227,-122.4399718539472
Burglary,Shopping Center,Evening,High,37.756462905099724,-122.4946485537087
Vandalism,Shopping Center,Evening,Low,37.79301709654384,-122.46234697122107
Drug Offense,Industrial Area,Evening,Medium,37.78442487024058,-122.47679442602988
Burglary,Industrial Area,Evening,High,37.76758477464643,-122.4734629888398
Theft,Suburb,Afternoon,Low,37.71391158488911,-122.44456625256596
Vandalism,Residential,Evening,Medium,37.72542313837487,-122.48004946850703
Assault,Park,Afternoon,Medium,37.78755112265526,-122.47060508989831
Drug Offense,Downtown,Afternoon,High,37.71828072366569,-122.47629152914827
Burglary,Residential,Night,Medium,37.727843940825046,-122.40514970567818
Theft,Shopping Center,Afternoon,Low,37.712960065119546,-122.4055334267829
Assault,Industrial Area,Morning,Medium,37.76761082314144,-122.4390058441404
Assault,Residential,Afternoon,Low,37.794398230536316,-122.40754775312682
Robbery,Park,Night,Medium,37.72689680315954,-122.42141873545317
Vandalism,Shopping Center,Afternoon,High,37.747540660785006,-122.44100521171983
Burglary,Downtown,Morning,Low,37.76343397397112,-122.49935647885032
Theft,Downtown,Morning,Medium,37.79994662482156,-122.42274837139206
Robbery,Park,Morning,Medium,37.71048080649976,-122.42975116584115
Vandalism,Park,Night,Medium,37.74985707995057,-122.43847463467176
Robbery,Industrial Area,Night,Low,37.73851201199025,-122.42395756883175
Drug Offense,Downtown,Evening,Low,37.78658201652223,-122.44870778352252
Vandalism,Shopping Center,Night,Low,37.747596773101165,-122.42959167286787
Vandalism,Residential,Morning,High,37.711097752458514,-122.40648279132735
Burglary,Shopping Center,Morning,High,37.763442414528654,-122.4624194984154
Vandalism,Suburb,Night,Low,37.77707806182639,-122.42918781650994
Robbery,Suburb,Afternoon,Medium,37.700288125166566,-122.45243121819891
Vandalism,Park,Night,High,37.78589566854206,-122.43256003481861
Burglary,Industrial Area,Night,Low,37.71860230000057,-122.42371066644456
Burglary,Suburb,Morning,Medium,37.755206936465335,-122.49545474995642
Drug Offense,Downtown,Evening,High,37.741579750068745,-122.43533995560514
Robbery,Shopping Center,Morning,Medium,37.771965381661055,-122.47732588155931
Assault,Shopping Center,Evening,Medium,37.737116161478575,-122.43299674621925
Assault,Park,Morning,Medium,37.78697631766817,-122.45316698140662
Vandalism,Residential,Night,Medium,37.77304963609588,-122.42264472581351
Drug Offense,Park,Morning,High,37.764771317106295,-122.48765991847944
Theft,Residential,Morning,High,37.779624059556284,-122.43736776483438
Vandalism,Park,Morning,High,37.77540230349284,-122.47215292710725
Drug Offense,Park,Night,Low,37.70359386749216,-122.41470180046694
Robbery,Park,Night,High,37.73947343538448,-122.40716164943638
Robbery,Residential,Night,Medium,37.79308072973165,-122.4003601706321
Robbery,Residential,Night,High,37.71257242689922,-122.42039925975727
Robbery,Park,Evening,Medium,37.773709655043206,-122.42462659295721
Robbery,Suburb,Evening,Low,37.79745918113353,-122.47844992411325
Drug Offense,Industrial Area,Afternoon,Medium,37.7052198629045,-122.466399294101
Drug Offense,Industrial Area,Night,Medium,37.76821938806266,-122.45343174582378
Burglary,Industrial Area,Evening,Medium,37.746815414130104,-122.42266189522178
Assault,Residential,Morning,Low,37.75791752553747,-122.40850341349221
Robbery,Residential,Night,High,37.708534133648435,-122.4810860899977
Theft,Suburb,Afternoon,High,37.704300695186696,-122.407763251533
Drug Offense,Industrial Area,Afternoon,Low,37.766686666055094,-122.4304375347646
Theft,Industrial Area,Afternoon,Medium,37.78233094298207,-122.4389229269315
Theft,Park,Morning,High,37.778201533493295,-122.4800158728718
Theft,Residential,Evening,Low,37.75438057278662,-122.49444749671909
Burglary,Industrial Area,Morning,High,37.70998668211362,-122.44315351014922
Drug Offense,Shopping Center,Night,Low,37.7688044443836,-122.43484843166712
Theft,Suburb,Afternoon,Medium,37.724188888355414,-122.47892185506453
Robbery,Shopping Center,Morning,High,37.791106870276735,-122.44435437941746
Vandalism,Shopping Center,Morning,Low,37.78382653595457,-122.41435065972375
Theft,Suburb,Evening,High,37.770938296708735,-122.4164934054545
Burglary,Shopping Center,Evening,High,37.79488459558311,-122.40726448194138
Drug Offense,Industrial Area,Afternoon,High,37.70314218215113,-122.46341141904432
Burglary,Residential,Morning,High,37.773620042506074,-122.46819504274491
Theft,Suburb,Morning,Low,37.733024277933644,-122.42505739940192
Drug Offense,Park,Evening,Medium,37.790606588568636,-122.4568887594903
Vandalism,Shopping Center,Morning,Low,37.7266675196662,-122.49124513359722
Theft,Suburb,Morning,Low,37.772485649931504,-122.47171988693295
Burglary,Downtown,Morning,Low,37.787764701965074,-122.45814177144685
Assault,Downtown,Evening,Medium,37.70416568183827,-122.47074835745238
Robbery,Residential,Afternoon,High,37.73976475795921,-122.46677944290526
Burglary,Industrial Area,Night,High,37.77623090320219,-122.47062240938256
Drug Offense,Residential,Afternoon,High,37.74549188895076,-122.4958500832817
Theft,Residential,Night,Medium,37.72672526297936,-122.43629052991756
Robbery,Residential,Morning,High,37.72198053488232,-122.44027075796465
Theft,Residential,Afternoon,Medium,37.71315182669164,-122.43466165015214
Drug Offense,Park,Night,High,37.78571295598562,-122.48076901039664
Theft,Park,Evening,High,37.75753554032516,-122.47043454583876
Assault,Suburb,Evening,Low,37.70763849449915,-122.43803840730551
Robbery,Downtown,Afternoon,Medium,37.738258032357066,-122.44003724315401
Robbery,Residential,Afternoon,Low,37.73677336508051,-122.44936696906457
Drug Offense,Suburb,Morning,Low,37.71817391907095,-122.46495867499898
Assault,Downtown,Afternoon,Low,37.74355076254722,-122.40870689952254
Burglary,Shopping Center,Morning,Medium,37.73320993653932,-122.46602297577012
Theft,Industrial Area,Morning,Medium,37.73418037054922,-122.45443808435628
Vandalism,Park,Evening,High,37.7739026557788,-122.43218861690458
Theft,Shopping Center,Evening,Low,37.72232633855052,-122.44569785691333
Theft,Downtown,Night,High,37.76418599588553,-122.46531140236357
Burglary,Shopping Center,Evening,Low,37.75706496238809,-122.45643552095436
Theft,Industrial Area,Evening,Medium,37.75680925123379,-122.42055191821466
Assault,Downtown,Afternoon,Medium,37.76630073461418,-122.47218708445133
Assault,Shopping Center,Evening,Medium,37.75483820361956,-122.48577447602231
Robbery,Park,Night,Low,37.78792551148464,-122.46868367981702
Drug Offense,Park,Afternoon,Medium,37.76755800919503,-122.41504657845121
Vandalism,Suburb,Night,Low,37.75469632513714,-122.49110102851436
Theft,Shopping Center,Evening,High,37.782976312028765,-122.40083039266275
Theft,Residential,Night,Low,37.760614656493345,-122.44589971010724
Burglary,Shopping Center,Afternoon,High,37.72911442477852,-122.4015154256033
Drug Offense,Downtown,Morning,Low,37.72070949181766,-122.4061003577914
Assault,Downtown,Night,High,37.71523277856627,-122.45471862857892
Vandalism,Shopping Center,Night,Medium,37.78994552125461,-122.48015089253947
Robbery,Industrial Area,Afternoon,High,37.771013543179805,-122.48351152234349
Assault,Park,Afternoon,Medium,37.79373784381643,-122.47600106361301
Drug Offense,Downtown,Night,Medium,37.760329180571496,-122.42898673594355
Robbery,Park,Evening,High,37.74734008814949,-122.47270500052686
Burglary,Downtown,Night,Low,37.70597164889709,-122.46585747303958
Burglary,Suburb,Afternoon,Low,37.7671642281546,-122.45512211960055
Theft,Residential,Morning,Low,37.758220875976825,-122.40867673195785
Drug Offense,Downtown,Morning,Low,37.79902088935876,-122.48106065821152
Vandalism,Park,Evening,Low,37.723915877778225,-122.49949734473903
Robbery,Suburb,Night,Medium,37.75307373552868,-122.49399035896218
Assault,Downtown,Morning,Low,37.76509573351181,-122.40952336583199
Drug Offense,Industrial Area,Night,Medium,37.76445911747423,-122.43524835351566
Drug Offense,Residential,Afternoon,Medium,37.75612935429484,-122.47269593806722
Burglary,Downtown,Morning,Medium,37.77769280103272,-122.48228074989888
Theft,Suburb,Evening,High,37.72049812095268,-122.4705733263363
Theft,Industrial Area,Afternoon,High,37.77256272002744,-122.48852030727487
Robbery,Shopping Center,Evening,Medium,37.761973457143306,-122.40584670897157
Burglary,Suburb,Afternoon,High,37.789607511179454,-122.42157938256348
Drug Offense,Suburb,Morning,Low,37.784719443903356,-122.45376088230874
Vandalism,Industrial Area,Evening,Low,37.731514703913255,-122.41350373948849
Burglary,Suburb,Evening,Medium,37.72762373249752,-122.47505417957068
Robbery,Industrial Area,Afternoon,Low,37.798165332385246,-122.42828794315278
Robbery,Downtown,Evening,Medium,37.75272651809153,-122.41438675009863
Burglary,Industrial Area,Afternoon,Medium,37.790642096391444,-122.46432312883768
Robbery,Industrial Area,Afternoon,Low,37.71638810237805,-122.42425355545494
Burglary,Residential,Afternoon,High,37.76428189148002,-122.47049276507357
Assault,Industrial Area,Afternoon,Low,37.78098601873606,-122.4701142864741
Burglary,Industrial Area,Morning,Low,37.79473952495864,-122.48929428214458
Burglary,Shopping Center,Afternoon,Medium,37.73373401410171,-122.45599419534906
Robbery,Downtown,Night,Medium,37.7724981169924,-122.42702880935026
Robbery,Residential,Evening,Medium,37.75388130090396,-122.40597791944288
Theft,Shopping Center,Night,Medium,37.70606289260665,-122.43962030080709
Theft,Park,Morning,High,37.76899997373089,-122.41368644622644
Assault,Downtown,Night,High,37.76900965582378,-122.41775053507098
Theft,Downtown,Evening,High,37.79306068048465,-122.48266569470248
Burglary,Park,Night,Medium,37.749731244616896,-122.45141825710874
Robbery,Industrial Area,Morning,Medium,37.723025092071055,-122.48830764644747
Theft,Shopping Center,Afternoon,Medium,37.70445638234487,-122.43178468384384
Theft,Suburb,Night,High,37.74156421866859,-122.4050100331754
Assault,Residential,Morning,Medium,37.73019167000775,-122.48629105419212
Drug Offense,Suburb,Morning,Low,37.77610883060239,-122.42661168691976
Assault,Park,Evening,Low,37.735426776484104,-122.43677618491321
Burglary,Downtown,Evening,Medium,37.79490711963148,-122.44163949629919
Robbery,Downtown,Night,Low,37.79623102029878,-122.46098797653117
Assault,Residential,Afternoon,Low,37.76209085902177,-122.46448683522462
Theft,Downtown,Morning,High,37.79286602870149,-122.4954750810981
Robbery,Downtown,Night,Medium,37.776085434451446,-122.4782091291748
Robbery,Residential,Morning,Medium,37.75468596409751,-122.49848231177131
Theft,Shopping Center,Morning,High,37.71803079354228,-122.4418582894418
Assault,Shopping Center,Afternoon,Low,37.74585979435138,-122.48941467641221
Theft,Residential,Afternoon,Low,37.75608744633626,-122.41269806059704
Drug Offense,Park,Night,Medium,37.7863961580735,-122.44768569793028
Robbery,Downtown,Afternoon,Low,37.74813333765356,-122.43003100909414
Vandalism,Downtown,Afternoon,High,37.789767467267794,-122.45891429081595
Vandalism,Park,Night,High,37.76743489790235,-122.4439420190999
Burglary,Shopping Center,Afternoon,Medium,37.71369990630537,-122.40573408230334
Theft,Industrial Area,Evening,High,37.799498136932506,-122.49172659603764
Theft,Industrial Area,Morning,High,37.75272326607539,-122.47460622280764
Burglary,Industrial Area,Morning,Medium,37.73918582964091,-122.42200116730895
Burglary,Shopping Center,Morning,High,37.76591137644695,-122.49012627931174
Burglary,Shopping Center,Morning,High,37.71088933139811,-122.49243388960959
Robbery,Park,Night,High,37.763653864675334,-122.4638458601246
Drug Offense,Downtown,Morning,Low,37.74982360004993,-122.49078320415276
Theft,Park,Morning,Medium,37.74066740699986,-122.44149215577939
Robbery,Park,Morning,Medium,37.795302002117886,-122.47737247491834
Burglary,Shopping Center,Morning,Medium,37.752253971673206,-122.41043020368006
Theft,Industrial Area,Evening,Low,37.721911747947,-122.42164999191547
Robbery,Suburb,Morning,Low,37.74589634793773,-122.43002947939006
Drug Offense,Downtown,Evening,Medium,37.79193874045726,-122.43830559726155
Robbery,Shopping Center,Night,Low,37.71760954713306,-122.41365342696587
Drug Offense,Industrial Area,Afternoon,Medium,37.72139570386882,-122.47769379384573
Burglary,Suburb,Morning,Low,37.70130295677571,-122.41268911572358
Drug Offense,Suburb,Afternoon,High,37.70141900493958,-122.4210507701576
Theft,Shopping Center,Afternoon,High,37.78293916269585,-122.42518391736124
Burglary,Residential,Night,Medium,37.773212260684296,-122.44387443219252
Theft,Downtown,Afternoon,Low,37.7355041056452,-122.47537558390295
Vandalism,Suburb,Evening,Low,37.76983111572276,-122.45764520840082
Assault,Shopping Center,Afternoon,High,37.739520592630996,-122.42064293454612
Drug Offense,Shopping Center,Afternoon,High,37.79528967959978,-122.49682215156427
Assault,Industrial Area,Afternoon,Low,37.7967052681426,-122.42179492307363
Assault,Residential,Morning,Low,37.739279377580935,-122.47599292595125
Drug Offense,Downtown,Morning,Low,37.78542219063409,-122.48556907992784
Burglary,Park,Evening,Low,37.77730890416974,-122.48842986818197
Vandalism,Industrial Area,Evening,Low,37.73099999371718,-122.49727499880491
Theft,Suburb,Morning,Low,37.72320398289011,-122.44764135147786
Robbery,Suburb,Evening,Medium,37.74582346503929,-122.47817401273063
Theft,Industrial Area,Morning,Low,37.77813488406144,-122.40105682342204
Robbery,Shopping Center,Night,High,37.796016778472875,-122.44255632441278
Theft,Suburb,Afternoon,Medium,37.77635790688666,-122.4862114730644
Drug Offense,Residential,Afternoon,Low,37.785520698501834,-122.43112374591887
Vandalism,Downtown,Evening,High,37.76030643061705,-122.41022564334904
Robbery,Residential,Morning,Medium,37.78354078308421,-122.42548205046305
Burglary,Suburb,Morning,High,37.77844208580034,-122.49235601389606
Theft,Park,Evening,Low,37.737698554192626,-122.41041158188074
Theft,Downtown,Morning,Low,37.75519903021207,-122.420607061414
Robbery,Downtown,Night,Low,37.780475312198966,-122.48416960998944
Burglary,Industrial Area,Afternoon,Low,37.704605673418996,-122.49482141112672
Burglary,Industrial Area,Evening,Medium,37.78080792823558,-122.44426894246857
Drug Offense,Park,Evening,Medium,37.717788812404905,-122.484396418866
Drug Offense,Shopping Center,Morning,High,37.75146836171214,-122.41654090474047
Drug Offense,Downtown,Evening,Low,37.78082754395559,-122.46416653433283
Drug Offense,Park,Night,High,37.72538210781567,-122.40871075552634
Drug Offense,Industrial Area,Morning,Medium,37.724580743930616,-122.4434311827859
Drug Offense,Industrial Area,Morning,Low,37.74027643984623,-122.48173276157604
Vandalism,Downtown,Morning,Low,37.78946427975776,-122.48604011326402
Burglary,Residential,Morning,Medium,37.70004427814372,-122.44235275624423
Drug Offense,Suburb,Night,Medium,37.790138309664194,-122.42381163881376
Burglary,Industrial Area,Morning,Medium,37.71538070246416,-122.42184943522578
Burglary,Shopping Center,Evening,Medium,37.79900863760675,-122.47242425955588
Assault,Shopping Center,Night,Medium,37.79548469930384,-122.47957532410878
Vandalism,Industrial Area,Afternoon,Low,37.74946751895913,-122.49832436955076
Drug Offense,Residential,Afternoon,Medium,37.751272024781265,-122.43208008487989
Theft,Residential,Evening,Low,37.74815493402759,-122.49234317415664
Robbery,Park,Evening,Low,37.76354436456595,-122.45792387982341
Theft,Shopping Center,Night,Medium,37.70907217022349,-122.43983178359818
Vandalism,Park,Afternoon,Medium,37.70326179483416,-122.40628910550804
Robbery,Shopping Center,Afternoon,Low,37.70577029284159,-122.46881978630442
Vandalism,Suburb,Afternoon,Medium,37.744436534924155,-122.47502278375535
Burglary,Suburb,Afternoon,Medium,37.727554793921946,-122.43458398457139
Robbery,Downtown,Afternoon,Medium,37.7622039562371,-122.43807609679465
Burglary,Park,Morning,High,37.799244228937475,-122.46678902166919
Theft,Industrial Area,Evening,Low,37.73863231730765,-122.40718981644903
Theft,Park,Morning,High,37.757384125410454,-122.41551376725104
Robbery,Industrial Area,Afternoon,Medium,37.74156038959073,-122.4776017454135
Robbery,Residential,Night,High,37.784727166772186,-122.47608574545654
Drug Offense,Park,Night,Medium,37.79022364034622,-122.4487699653113
Vandalism,Residential,Afternoon,High,37.78773556122052,-122.42264278982694
Drug Offense,Suburb,Afternoon,Medium,37.797437223867924,-122.49559596206116
Vandalism,Suburb,Night,High,37.702751918514046,-122.43066648462653
Drug Offense,Downtown,Morning,High,37.783981616214554,-122.43517641026179
Burglary,Park,Morning,High,37.775177217303906,-122.4768519904087
Robbery,Residential,Afternoon,Low,37.72286944094004,-122.43186469867587
Theft,Industrial Area,Morning,High,37.79563200933875,-122.4059816808748
Vandalism,Suburb,Night,Low,37.714817792823,-122.49532141550283
Vandalism,Suburb,Morning,Medium,37.76795499271339,-122.4680347944708
Theft,Industrial Area,Afternoon,High,37.72248902168159,-122.45618232833337
Drug Offense,Residential,Night,Medium,37.74313806487741,-122.41007396410754
Vandalism,Residential,Morning,Medium,37.771915989694456,-122.4037738553391
Burglary,Park,Evening,High,37.756332464203304,-122.45558847535037
Robbery,Park,Night,Low,37.74275018313281,-122.42499715878579
Theft,Shopping Center,Night,High,37.7326338430932,-122.44683389762355
Robbery,Shopping Center,Evening,Medium,37.78396596557088,-122.44622170652586
Vandalism,Downtown,Evening,Medium,37.714381435031484,-122.47219004849336
Vandalism,Suburb,Night,High,37.74301028765298,-122.47830437541361
Theft,Park,Evening,Low,37.790375757177515,-122.4711994654076
Burglary,Residential,Afternoon,Low,37.78458495504599,-122.4443671992743
Assault,Industrial Area,Afternoon,Medium,37.740094176247304,-122.49708448139779
Theft,Residential,Afternoon,Medium,37.77631083636013,-122.40927510556436
Assault,Suburb,Night,Low,37.78231608307088,-122.48437162904503
Drug Offense,Shopping Center,Evening,High,37.78888874240036,-122.47799113231287
Assault,Residential,Evening,Medium,37.75445057690492,-122.44817238235524
Burglary,Downtown,Morning,Low,37.72044608860547,-122.42898852336627
Drug Offense,Suburb,Morning,Medium,37.725530907650395,-122.49042709452556
Assault,Shopping Center,Evening,High,37.72956946740416,-122.46823053024528
Drug Offense,Industrial Area,Evening,Low,37.75938024808096,-122.40313253944257
Assault,Shopping Center,Evening,Medium,37.70328096241286,-122.4737657033219
Burglary,Downtown,Night,High,37.763604246877996,-122.46869498549368
Assault,Suburb,Evening,Medium,37.73643542384282,-122.4163501509382
Assault,Industrial Area,Morning,High,37.729524180248966,-122.49497855683096
Assault,Downtown,Night,High,37.78794965707281,-122.4535386831191
Theft,Shopping Center,Evening,Low,37.74600023955808,-122.46203832355484
Theft,Downtown,Morning,High,37.709505304553275,-122.46834132400913
Theft,Suburb,Night,Medium,37.78267467680262,-122.47143004059552
Burglary,Park,Evening,High,37.70476412574365,-122.49086258951397
Drug Offense,Downtown,Evening,High,37.77267492241682,-122.46851741706483
Vandalism,Downtown,Evening,Low,37.777390622177066,-122.49569475972844
Assault,Shopping Center,Night,High,37.73526026059289,-122.42190361363556
Assault,Shopping Center,Morning,High,37.782478785627774,-122.4601772206042
Burglary,Industrial Area,Morning,Medium,37.75156594058564,-122.45560961676802
Assault,Shopping Center,Afternoon,Low,37.74632936532728,-122.410640541355
Theft,Residential,Evening,Low,37.70454032814687,-122.43419450161389
Vandalism,Suburb,Afternoon,Low,37.729002919364895,-122.49919408966579
Robbery,Suburb,Afternoon,High,37.79310099708853,-122.40568251770388
Assault,Park,Morning,Low,37.73918239632835,-122.47628555340223
Theft,Park,Night,High,37.75467005205568,-122.48923858152402
Robbery,Suburb,Night,High,37.75320216789842,-122.42318718216191
Vandalism,Park,Morning,Medium,37.75904310898227,-122.44995226841333
Robbery,Industrial Area,Night,Medium,37.70613309556433,-122.4566229433982
Theft,Shopping Center,Afternoon,Medium,37.736217625479874,-122.47504969203173
Drug Offense,Suburb,Evening,Medium,37.772312827388255,-122.44525285101378
Drug Offense,Park,Morning,Medium,37.7200560251073,-122.47256153947974
Robbery,Suburb,Evening,High,37.72035783775464,-122.4098416994713
Burglary,Residential,Night,High,37.7010090606689,-122.47847955202668
Robbery,Downtown,Evening,Low,37.743748192660824,-122.41156448495443
Assault,Shopping Center,Night,High,37.78827343806734,-122.44405945742727
Assault,Suburb,Night,High,37.705190094358734,-122.41715118661048
Drug Offense,Downtown,Afternoon,Medium,37.719111870949604,-122.4287154004139
Burglary,Park,Night,High,37.73100845383428,-122.43033048885633
Theft,Downtown,Afternoon,Medium,37.77317247365642,-122.4675654192305
Assault,Shopping Center,Afternoon,Low,37.76406355928026,-122.47661030685278
Drug Offense,Suburb,Afternoon,Low,37.74159439045819,-122.47891137723192
Vandalism,Residential,Morning,High,37.775906893925836,-122.41428083429405
Drug Offense,Park,Morning,Low,37.76096310116569,-122.4179573179741
Assault,Suburb,Night,High,37.78960407996572,-122.45594264719877
Assault,Shopping Center,Afternoon,Low,37.78180267491387,-122.48675953865036
Drug Offense,Park,Morning,Medium,37.725281360608925,-122.46177477480225
Theft,Industrial Area,Afternoon,Medium,37.72714385776342,-122.43806565458631
Robbery,Downtown,Evening,Medium,37.71253564757924,-122.45455968455201
Assault,Shopping Center,Evening,Medium,37.733696472571744,-122.4219810731517
Drug Offense,Industrial Area,Evening,High,37.79995439187191,-122.40023771777487
Drug Offense,Suburb,Night,Low,37.74057511686151,-122.48088679115511
Burglary,Residential,Afternoon,High,37.72204884346891,-122.45403491803404
Robbery,Park,Evening,Medium,37.776248288447555,-122.45690160980791
Vandalism,Downtown,Morning,High,37.75424710034626,-122.4695507467251
Theft,Park,Evening,Low,37.7149601449527,-122.48019044832797
Vandalism,Suburb,Evening,High,37.73806896811609,-122.49343078835103
Robbery,Park,Evening,Low,37.741446971553934,-122.41128806827764
Robbery,Downtown,Night,High,37.77538297005692,-122.45801513023137
Robbery,Suburb,Morning,Low,37.70206713688919,-122.45031044814999
Vandalism,Park,Afternoon,Low,37.72690196467983,-122.40830579517991
Robbery,Residential,Morning,Medium,37.75175963013155,-122.42237095224841
Drug Offense,Shopping Center,Afternoon,Low,37.726884674245284,-122.48694987358829
Vandalism,Suburb,Night,Medium,37.7628434047419,-122.44345800323923
Robbery,Shopping Center,Night,Medium,37.74818674792746,-122.45577477234805
Drug Offense,Suburb,Night,Medium,37.73617102548596,-122.42027889274213
Burglary,Residential,Night,High,37.79492086268705,-122.42757674523881
Robbery,Shopping Center,Afternoon,High,37.763215949918646,-122.4309594278089
Vandalism,Industrial Area,Evening,High,37.712994137226794,-122.46594551645201
Assault,Downtown,Afternoon,High,37.75600916974434,-122.41950362696008
Robbery,Industrial Area,Morning,Low,37.77807318532009,-122.49476087044052
Assault,Park,Night,Low,37.77084896974928,-122.48403750985679
Drug Offense,Residential,Night,High,37.71720892292953,-122.46643767270221
Burglary,Industrial Area,Morning,Low,37.79724199990401,-122.49231925589308
Theft,Suburb,Afternoon,Low,37.74488136457466,-122.47650057224654
Burglary,Park,Evening,Medium,37.71590250037403,-122.41698490170022
Robbery,Park,Evening,Medium,37.71801957541282,-122.405174846221
Assault,Industrial Area,Morning,Medium,37.70982349921891,-122.46953976442258
Assault,Industrial Area,Evening,Medium,37.78035181084349,-122.47354841960112
Vandalism,Residential,Afternoon,Low,37.71220304943219,-122.47201073477535
Assault,Downtown,Afternoon,High,37.712512525714175,-122.47222809126492
Vandalism,Industrial Area,Morning,Low,37.78504716147608,-122.4964069817814
Drug Offense,Industrial Area,Afternoon,Low,37.734460408444754,-122.40730836536689
Theft,Shopping Center,Night,Low,37.70308579043081,-122.47863018584297
Robbery,Suburb,Morning,Medium,37.705189529951845,-122.45799959259186
Vandalism,Shopping Center,Afternoon,Medium,37.71421704467039,-122.4990313117259
Theft,Shopping Center,Morning,Medium,37.72133933479757,-122.4142044909085
Assault,Park,Evening,High,37.76651461942384,-122.4268842655545
Assault,Downtown,Afternoon,Low,37.71573262800018,-122.40532439648264
Theft,Suburb,Night,High,37.71188743911771,-122.42183845208037
Assault,Residential,Afternoon,Medium,37.77647191414763,-122.46862934879479
Drug Offense,Residential,Morning,High,37.76710552838599,-122.47521266412716
Drug Offense,Industrial Area,Morning,Low,37.74353242214553,-122.43022836924467
Theft,Industrial Area,Afternoon,Low,37.75493097714801,-122.46358872249895
Vandalism,Residential,Night,Medium,37.731198402032646,-122.44337849842474
Vandalism,Industrial Area,Night,Medium,37.748250042023535,-122.49937425289735
Theft,Downtown,Night,High,37.750667264898276,-122.49381142983195
Vandalism,Shopping Center,Morning,Medium,37.73872372711781,-122.44646320588184
Vandalism,Industrial Area,Afternoon,Medium,37.790657221067214,-122.44339283535518
Drug Offense,Park,Evening,Low,37.701606186498104,-122.42485470555407
Vandalism,Industrial Area,Morning,Medium,37.77821712630912,-122.4868034680376
Burglary,Suburb,Night,Medium,37.712438283124136,-122.44868169162433
Robbery,Downtown,Afternoon,Low,37.77975473605372,-122.48055523555684
Assault,Suburb,Night,Low,37.761591191567675,-122.49068038804373
Burglary,Suburb,Evening,High,37.78432780909364,-122.45895042059395
Vandalism,Park,Night,Medium,37.70975143256409,-122.48366633519109
Drug Offense,Downtown,Night,Low,37.75589806340998,-122.47782180218077
Theft,Downtown,Evening,High,37.75010878802622,-122.46824454201305
Vandalism,Downtown,Afternoon,High,37.77061931829633,-122.47406115992568
Drug Offense,Downtown,Morning,Medium,37.753429055189365,-122.4912408702594
Robbery,Downtown,Afternoon,Medium,37.75407345671331,-122.49100837551403
Vandalism,Park,Evening,High,37.74295959435761,-122.48067505847658
Theft,Industrial Area,Night,Low,37.73088344240074,-122.49494408120404
Drug Offense,Suburb,Afternoon,High,37.74822643612522,-122.43735429803232
Drug Offense,Downtown,Morning,Medium,37.71184923587684,-122.47126732834911
Drug Offense,Industrial Area,Evening,Low,37.79615133389831,-122.4720254032231
Robbery,Industrial Area,Afternoon,Low,37.771441076362656,-122.46680017057622
Vandalism,Suburb,Morning,High,37.79524671166878,-122.43372037257903
Robbery,Park,Evening,Medium,37.722672738233,-122.41293661185166
Assault,Residential,Morning,High,37.78793410201765,-122.42409130674444
Assault,Residential,Evening,High,37.78087899845635,-122.4272470769775
Vandalism,Industrial Area,Night,High,37.76771524124577,-122.45156088143992
Robbery,Shopping Center,Afternoon,Low,37.76250291860852,-122.43061944430326
Theft,Shopping Center,Morning,Low,37.73165496652679,-122.44472376319665
Drug Offense,Suburb,Evening,Medium,37.7816410784965,-122.47837494718135
Drug Offense,Residential,Morning,Medium,37.750151546147976,-122.47914116322589
Vandalism,Industrial Area,Morning,High,37.70708915758913,-122.47036079931247
Assault,Park,Afternoon,High,37.731286316085516,-122.40891973290303
Assault,Residential,Night,High,37.79352970985453,-122.44525851596202
Drug Offense,Industrial Area,Morning,Medium,37.785068026060486,-122.42660946229982
Vandalism,Industrial Area,Evening,Low,37.79819056980765,-122.46534412401834
Robbery,Downtown,Evening,Low,37.76279933826041,-122.45922842293348
Assault,Park,Night,High,37.72475100731404,-122.48744344213628
Robbery,Downtown,Evening,High,37.71628150496769,-122.48287050421783
Assault,Suburb,Night,High,37.718691444060845,-122.41726434451739
Assault,Downtown,Evening,High,37.701979565834726,-122.44151613683111
Burglary,Downtown,Afternoon,Medium,37.7390682110986,-122.46624675341162
Assault,Residential,Morning,Low,37.719142768049956,-122.41971487910045
Theft,Shopping Center,Afternoon,High,37.74116554604567,-122.4753480094362
Vandalism,Industrial Area,Morning,Medium,37.793499443183876,-122.40239673013998
Vandalism,Park,Morning,High,37.74305402095072,-122.46551823922539
Robbery,Downtown,Morning,High,37.78779844969848,-122.46626890458488
Assault,Park,Afternoon,Low,37.760550476661585,-122.46880880944633
Theft,Shopping Center,Morning,High,37.72471315546614,-122.48778884840758
Robbery,Shopping Center,Afternoon,Low,37.73558547592592,-122.4888862852668
Burglary,Downtown,Night,Low,37.708391953582144,-122.43518949654658
Robbery,Suburb,Evening,Low,37.7333462593596,-122.4124881955442
Robbery,Downtown,Evening,Medium,37.767754094550355,-122.42094794897284
Assault,Residential,Morning,Medium,37.70721110929295,-122.48588924059787
Burglary,Industrial Area,Afternoon,Low,37.7205401408478,-122.4454417878208
Robbery,Suburb,Evening,High,37.738144104141334,-122.48944084540234
Theft,Downtown,Afternoon,Low,37.79820495370159,-122.49547053563869
Theft,Park,Afternoon,High,37.778486182295886,-122.43436141406153
Vandalism,Suburb,Morning,Low,37.773348674649206,-122.44648476663197
Burglary,Suburb,Evening,High,37.711619095652544,-122.49179763147886
Burglary,Downtown,Morning,Medium,37.778099589361496,-122.4965060753594
Vandalism,Suburb,Morning,High,37.7785268811516,-122.40102435865907
Robbery,Park,Evening,Low,37.76011026956243,-122.4969978667851
Burglary,Shopping Center,Evening,Medium,37.799036178199835,-122.45554717469498
Theft,Suburb,Night,High,37.73252539059246,-122.44953809753923
Theft,Shopping Center,Night,High,37.79412724482418,-122.48827198521995
Assault,Park,Afternoon,High,37.79147311149565,-122.48309382215604
Burglary,Downtown,Evening,High,37.70114806597494,-122.46481949935897
Robbery,Industrial Area,Night,High,37.745011652647484,-122.42383241237864
Vandalism,Suburb,Afternoon,Medium,37.797710423305155,-122.44929175759398
Vandalism,Industrial Area,Afternoon,Medium,37.71031213624081,-122.4362098125447
Robbery,Park,Afternoon,Medium,37.75477846943833,-122.40148254449093
Drug Offense,Suburb,Night,Medium,37.79789575070411,-122.42319945646868
Assault,Shopping Center,Evening,Low,37.755549542410584,-122.45656385018589
Vandalism,Residential,Morning,Medium,37.71898153029722,-122.45535580782035
Burglary,Industrial Area,Afternoon,High,37.75821832300926,-122.4381227922959
Assault,Suburb,Night,High,37.72044405739496,-122.4334634791581
Burglary,Industrial Area,Night,Medium,37.751970426289446,-122.44992890741634
Theft,Suburb,Morning,High,37.707404221791236,-122.4355138777185
Assault,Downtown,Morning,Medium,37.76054826692144,-122.49764675055859
Vandalism,Shopping Center,Night,High,37.75167899391282,-122.45703771361032
Assault,Industrial Area,Evening,Low,37.77401613687614,-122.47210619239266
Assault,Residential,Morning,Low,37.763070047115875,-122.4870825554757
Assault,Residential,Night,Medium,37.75496062685308,-122.49004534871912
Drug Offense,Park,Morning,Medium,37.76897788492481,-122.43968078343853
Assault,Suburb,Evening,Medium,37.71439419135722,-122.44763994528475
Burglary,Industrial Area,Afternoon,High,37.75953596612586,-122.47464158830036
Theft,Park,Morning,Medium,37.71721106028228,-122.45290499412275
Robbery,Industrial Area,Evening,Low,37.79255222078518,-122.45077676848176
Assault,Suburb,Night,High,37.70683341048456,-122.48049910195614
Vandalism,Residential,Morning,Medium,37.74303747496908,-122.43479069381183
Assault,Downtown,Morning,High,37.76957974776554,-122.42190806436139
Vandalism,Residential,Night,High,37.74580222116683,-122.42085364591105
Burglary,Park,Afternoon,Medium,37.709209525323296,-122.43975301692966
Vandalism,Shopping Center,Night,High,37.75533790161267,-122.4488361417481
Robbery,Downtown,Morning,Low,37.76416319088273,-122.49389928569946
Theft,Park,Night,Low,37.77037923109905,-122.47121687011484
Vandalism,Suburb,Evening,High,37.737325981446276,-122.49067285532219
Vandalism,Downtown,Night,Medium,37.756365997102876,-122.40361768391216
Theft,Park,Morning,High,37.745068647493895,-122.48649198537743
Robbery,Suburb,Night,Low,37.767205603875226,-122.4848224590149
Assault,Residential,Afternoon,High,37.75835569673248,-122.41104233816695
Vandalism,Shopping Center,Night,High,37.75257562195591,-122.40560717165236
Theft,Suburb,Afternoon,Low,37.72495243668383,-122.42341709607652
Burglary,Industrial Area,Evening,High,37.70020185177483,-122.49945950763274
Theft,Suburb,Afternoon,High,37.71740816753115,-122.49986537290434
Burglary,Suburb,Night,Medium,37.71170660414242,-122.46218992302126
Robbery,Shopping Center,Morning,Medium,37.744908474501095,-122.48566046299891
Assault,Industrial Area,Afternoon,Low,37.76122581507618,-122.49816138578484
Theft,Park,Evening,Low,37.72130850086848,-122.45359333105955
Drug Offense,Park,Afternoon,Low,37.793905709596714,-122.40569381025931
Vandalism,Suburb,Afternoon,Medium,37.700668212922395,-122.46761804250976
Robbery,Industrial Area,Afternoon,Low,37.77723010151653,-122.43388593215714
Theft,Industrial Area,Evening,Low,37.76252047695304,-122.43477646468676
Vandalism,Shopping Center,Night,Low,37.73735548010477,-122.47489198963349
Theft,Residential,Afternoon,Medium,37.70504889444124,-122.43495747511761
Burglary,Park,Afternoon,High,37.76274865717843,-122.47876660257131
Theft,Shopping Center,Morning,Low,37.73856135128656,-122.48779925864231
Drug Offense,Downtown,Evening,High,37.79362671394132,-122.42986167144403
Theft,Park,Afternoon,Low,37.75419900748898,-122.48865591828961
Theft,Shopping Center,Evening,High,37.79396515112935,-122.40030907814106
Drug Offense,Park,Afternoon,Medium,37.722048369347334,-122.48165475988498
Robbery,Residential,Night,Medium,37.77257259103641,-122.44058581372435
Theft,Downtown,Night,Low,37.76172490208487,-122.45886254285874
Drug Offense,Residential,Afternoon,High,37.77394082298313,-122.48736135775944
Vandalism,Downtown,Night,Medium,37.72146678639726,-122.49721560924226
Burglary,Suburb,Afternoon,Low,37.76649945162378,-122.43772677177073
Burglary,Shopping Center,Night,Low,37.74980403930569,-122.41932424362109
Theft,Downtown,Morning,Medium,37.77428249749063,-122.41579843384933
Robbery,Residential,Morning,Medium,37.732704464415185,-122.45172865269231
Robbery,Park,Morning,Low,37.789005702546525,-122.42225445328177
Vandalism,Downtown,Evening,High,37.708430131461135,-122.43271528665115
Theft,Shopping Center,Evening,High,37.780718931879115,-122.42757454725009
Burglary,Downtown,Morning,High,37.78613196258151,-122.45074009947783
Robbery,Industrial Area,Evening,Low,37.78172523113668,-122.4366588259758
Theft,Park,Night,Medium,37.751272639426176,-122.4194474086424
Robbery,Shopping Center,Afternoon,Low,37.74383849800308,-122.4602115824443
Drug Offense,Shopping Center,Afternoon,Medium,37.799626228652485,-122.41940210991325
Robbery,Suburb,Afternoon,High,37.72291719512142,-122.4407983157211
Burglary,Residential,Morning,High,37.7546875965876,-122.48340989756292
Assault,Suburb,Evening,Medium,37.76706755253823,-122.49753158427754
Vandalism,Shopping Center,Night,Medium,37.77008676358614,-122.46372463996009
Vandalism,Park,Night,Low,37.72040246657386,-122.44533036717037
Burglary,Downtown,Morning,High,37.76539940923398,-122.41601796477966
Robbery,Downtown,Night,Low,37.781836956648135,-122.48725143198598
Theft,Park,Night,Low,37.70500185768211,-122.41997936523164
Robbery,Shopping Center,Night,Low,37.79115212933253,-122.41369909539328
Burglary,Downtown,Night,High,37.70295040551452,-122.48493125129991
Vandalism,Downtown,Evening,Low,37.73559710324884,-122.41484056806958
Robbery,Downtown,Night,Low,37.7015813196233,-122.40085464321572
Vandalism,Residential,Afternoon,Low,37.70771451685396,-122.42731611689518
Theft,Residential,Morning,Low,37.79111682851801,-122.4215230318175
Vandalism,Industrial Area,Evening,Low,37.73548608307462,-122.40055847324412
Vandalism,Suburb,Night,Low,37.74247715304251,-122.43945187494741
Assault,Park,Evening,High,37.72153443813826,-122.46921136179837
Assault,Park,Night,Low,37.75970957701867,-122.4162469165924
Drug Offense,Park,Afternoon,Medium,37.75948032146778,-122.43855142224884
Assault,Industrial Area,Morning,Low,37.737220039182525,-122.4418804576279
Vandalism,Residential,Night,Low,37.73330348718054,-122.47463644444859
Burglary,Shopping Center,Night,High,37.78849643081806,-122.42436657304171
Vandalism,Shopping Center,Night,High,37.73832842396422,-122.49183327241398
Burglary,Industrial Area,Night,Medium,37.74935009921544,-122.40757129292054
Burglary,Shopping Center,Morning,Medium,37.7283304762425,-122.46741765392295
Assault,Park,Morning,High,37.77867695033571,-122.487222534721
Robbery,Suburb,Afternoon,High,37.73974481568991,-122.45576334668976
Theft,Downtown,Morning,Low,37.751361104654436,-122.49575300907435
Assault,Residential,Night,High,37.72533571700597,-122.4315373805735
Assault,Residential,Afternoon,Medium,37.798765959234125,-122.40972944895547
Robbery,Industrial Area,Afternoon,Low,37.729149574092375,-122.41627369928615
Theft,Residential,Afternoon,Medium,37.777074253090554,-122.48726305265521
Vandalism,Park,Night,Low,37.74274956503567,-122.48737288628922
Drug Offense,Shopping Center,Evening,High,37.72062174050841,-122.41865655176758
Drug Offense,Park,Night,Medium,37.77997187639649,-122.40757457253969
Vandalism,Industrial Area,Morning,Low,37.733360678902905,-122.45393301701665
Assault,Park,Morning,Low,37.78651933473978,-122.45010288830862
Theft,Shopping Center,Night,High,37.79152571849178,-122.46817379586143
Assault,Suburb,Night,High,37.78598238353913,-122.41057348817436
Burglary,Industrial Area,Afternoon,High,37.703500791480685,-122.43550970947076
Assault,Suburb,Night,Medium,37.77873733450051,-122.47117484228326
Assault,Downtown,Afternoon,Low,37.74113394664992,-122.47012171289458
Vandalism,Suburb,Morning,High,37.78737229201822,-122.41087999269365
Vandalism,Downtown,Afternoon,Medium,37.76379542626847,-122.49863659760942
Vandalism,Downtown,Night,Medium,37.783364313414395,-122.46772734272734
Drug Offense,Suburb,Morning,Medium,37.74994317698668,-122.44456433187837
Burglary,Industrial Area,Evening,High,37.75350255045989,-122.48517825379007
Vandalism,Shopping Center,Afternoon,High,37.714438763213366,-122.49079012458004
Theft,Park,Morning,Low,37.77839873586893,-122.41847236689095
Drug Offense,Park,Afternoon,Low,37.741938961166696,-122.41055956113516
Robbery,Shopping Center,Morning,High,37.750008011827155,-122.41763935792018
Theft,Downtown,Morning,Medium,37.77850977140957,-122.41012121102627
Theft,Downtown,Afternoon,Medium,37.759884540007945,-122.44468880289416
Vandalism,Industrial Area,Evening,Medium,37.72010987274427,-122.41877418790096
Robbery,Residential,Morning,Low,37.75902326591509,-122.46159573616089
Robbery,Suburb,Morning,Medium,37.74076328579797,-122.4333732138521
Drug Offense,Downtown,Morning,Low,37.746952554204384,-122.4011164468611
Robbery,Park,Evening,Low,37.70283112744027,-122.47742722761609
Burglary,Industrial Area,Evening,Medium,37.72100293495163,-122.4610100253709
Vandalism,Suburb,Night,Medium,37.7281038081381,-122.451995262269
Robbery,Industrial Area,Afternoon,High,37.77129600078588,-122.486198451298
Drug Offense,Suburb,Evening,High,37.701149247329816,-122.49189613895349
Burglary,Suburb,Afternoon,Medium,37.74087772612291,-122.41702771336784
Assault,Shopping Center,Night,Low,37.79240268704257,-122.40232056271725
Assault,Downtown,Afternoon,Low,37.711188061654916,-122.45952749361703
Burglary,Industrial Area,Evening,Low,37.75164243882186,-122.49123501638053
Drug Offense,Industrial Area,Afternoon,Low,37.77865223823908,-122.49341882393094
Burglary,Shopping Center,Evening,Low,37.79425313075201,-122.41086817936397
Vandalism,Park,Afternoon,High,37.77467766395337,-122.45361857502724
Vandalism,Park,Evening,Medium,37.77205655486444,-122.46799726834377
Assault,Downtown,Evening,High,37.78264880901958,-122.45235387287606
Robbery,Downtown,Afternoon,Low,37.74462012209776,-122.46816959053076
Drug Offense,Residential,Night,Low,37.78058445326178,-122.45109642246923
Assault,Shopping Center,Morning,Low,37.70079644047455,-122.41404436030821
Robbery,Park,Night,Low,37.79245610553768,-122.44076986289379
Robbery,Suburb,Afternoon,Medium,37.74433065095172,-122.43053462271898
Vandalism,Industrial Area,Night,Low,37.755338018786574,-122.46353293237657
Theft,Downtown,Evening,Medium,37.72548822489149,-122.42614941214896
Theft,Industrial Area,Morning,Low,37.77425308328404,-122.43333829151207
Burglary,Industrial Area,Afternoon,Medium,37.70766358064753,-122.4880438002248
Vandalism,Residential,Afternoon,High,37.78726358025468,-122.44273571468844
Robbery,Park,Afternoon,Low,37.78281168290063,-122.47432565036902
Drug Offense,Downtown,Morning,Medium,37.72160601162448,-122.41959043303665
Theft,Industrial Area,Evening,High,37.780932439828526,-122.4574062291533
Robbery,Downtown,Afternoon,Low,37.77863577330615,-122.40053158348036
Theft,Suburb,Night,Low,37.7632216597754,-122.4907499562061
Theft,Residential,Afternoon,Low,37.73735201768997,-122.42196521372598
Theft,Suburb,Afternoon,Medium,37.727149875418185,-122.4326298266458
Drug Offense,Downtown,Afternoon,Medium,37.723178359028935,-122.42325011694093
Vandalism,Downtown,Afternoon,High,37.73186089627636,-122.46924702045095
Drug Offense,Park,Evening,Medium,37.79035584434325,-122.45079455106176
Assault,Industrial Area,Night,Medium,37.70776407759888,-122.42034914802764
Robbery,Industrial Area,Evening,Low,37.782887127625294,-122.47674586683792
Vandalism,Suburb,Night,Low,37.73488900750419,-122.47739668032114
Vandalism,Residential,Afternoon,Low,37.752159939601135,-122.4448949046705
Vandalism,Shopping Center,Morning,Low,37.779448563364845,-122.44764364204701
Vandalism,Industrial Area,Evening,Low,37.78843765470229,-122.47177375295871
Drug Offense,Park,Morning,Low,37.73447814200726,-122.47019243494752
Vandalism,Suburb,Evening,Low,37.746184348127514,-122.47221548367935
Burglary,Suburb,Afternoon,High,37.74145160648168,-122.42284879380016
Robbery,Shopping Center,Evening,High,37.70132510335039,-122.43480991344376
Vandalism,Park,Afternoon,High,37.72959428888586,-122.41675828165899
Robbery,Residential,Evening,High,37.74591892337325,-122.4024526971686
Burglary,Park,Afternoon,Low,37.741109360888046,-122.45258357037281
Burglary,Residential,Afternoon,High,37.772192922751564,-122.49333061185945
Robbery,Park,Night,Low,37.73848036172211,-122.49519076895879
Theft,Park,Afternoon,High,37.74893764489707,-122.47043349607284
Assault,Downtown,Night,Medium,37.742960859213234,-122.40674554106477
Theft,Suburb,Afternoon,High,37.77406261488944,-122.44767869450291
Theft,Park,Morning,High,37.786297239898694,-122.47282134839199
Drug Offense,Shopping Center,Afternoon,Low,37.75318890790075,-122.4600833205489
Theft,Park,Morning,High,37.77894321941952,-122.44014048925953
Vandalism,Industrial Area,Morning,Medium,37.729678668201984,-122.43470503418622
Drug Offense,Suburb,Afternoon,Low,37.754136961015725,-122.48460804902172
Drug Offense,Industrial Area,Morning,Low,37.734522995367,-122.40229683234548
Burglary,Suburb,Night,High,37.741420092557185,-122.44552277730172
Theft,Industrial Area,Evening,Low,37.77324138648127,-122.48643116822078
Burglary,Park,Afternoon,Low,37.78816624823327,-122.4106364746654
Robbery,Park,Morning,Low,37.71214953910878,-122.49253615689206
Assault,Downtown,Afternoon,Low,37.763463925648736,-122.40922645668225
Drug Offense,Shopping Center,Night,Low,37.75821438075778,-122.40034343437111
Robbery,Industrial Area,Afternoon,Low,37.7118415039176,-122.42995682008436
Robbery,Residential,Afternoon,Medium,37.72118943304401,-122.42295527789261
Vandalism,Downtown,Morning,High,37.73110024947327,-122.46626971635325
Assault,Industrial Area,Night,Medium,37.71669310708175,-122.40584231472661
Robbery,Industrial Area,Evening,Low,37.72437294825244,-122.44702860338917
Robbery,Downtown,Evening,Low,37.72676007988617,-122.42676115534024
Assault,Park,Morning,High,37.73356738330391,-122.40758922840888
Assault,Industrial Area,Afternoon,Medium,37.774939045280114,-122.40248200240245
Robbery,Park,Morning,High,37.75719122038506,-122.41667956434034
Assault,Downtown,Morning,Medium,37.798624667195135,-122.4696982493018
Robbery,Park,Morning,Low,37.74147358269675,-122.40334524834479
Robbery,Suburb,Afternoon,High,37.77538650738369,-122.43718804687565
Vandalism,Residential,Night,High,37.78714684213765,-122.4069357523648
Theft,Industrial Area,Morning,Low,37.7678978493038,-122.43238949741857
Robbery,Shopping Center,Afternoon,High,37.74118647404175,-122.46927610381523
Burglary,Residential,Night,Medium,37.77535946307457,-122.46299754758572
Drug Offense,Park,Morning,Medium,37.72036671377727,-122.44495282228971
Theft,Industrial Area,Evening,Medium,37.732755216518015,-122.42099851584402
Theft,Park,Night,Medium,37.75466852550993,-122.46820174486596
Theft,Suburb,Morning,Low,37.75754093872862,-122.44202688338659
Vandalism,Downtown,Night,High,37.70221414754727,-122.46543750064237
Robbery,Industrial Area,Night,Medium,37.7945114188756,-122.4184230595365
Vandalism,Suburb,Night,Low,37.76966272712174,-122.45332719062321
Robbery,Suburb,Night,High,37.74957037502319,-122.49232771731471
Vandalism,Industrial Area,Night,High,37.79331272344083,-122.48339474785185
Vandalism,Park,Night,Low,37.74390955652508,-122.49388953323803
Drug Offense,Shopping Center,Morning,Low,37.798043557027036,-122.45006970539858
Burglary,Suburb,Evening,Medium,37.751228475724346,-122.48936627026518
Vandalism,Residential,Afternoon,High,37.7114285769998,-122.48858600306903
Drug Offense,Suburb,Night,High,37.77648009724592,-122.40589517399617
Assault,Shopping Center,Afternoon,Low,37.767889772507786,-122.4127344927824
Burglary,Park,Morning,High,37.777298672130556,-122.45479134031886
Vandalism,Park,Night,Medium,37.795144202872564,-122.40141946791499
Theft,Residential,Evening,High,37.7776489302651,-122.49998134718294
Assault,Suburb,Afternoon,Low,37.76113366022167,-122.43860205437267
Assault,Park,Night,Low,37.78573089023608,-122.43835718226282
Drug Offense,Shopping Center,Morning,Medium,37.76732464393545,-122.454255694413
Assault,Industrial Area,Evening,Medium,37.74081190568259,-122.46030520270658
Burglary,Downtown,Afternoon,High,37.78856197642418,-122.45446168645194
Vandalism,Downtown,Afternoon,High,37.72219004607844,-122.45850395639204
Vandalism,Downtown,Night,Low,37.77146412749087,-122.42695075225177
Theft,Suburb,Evening,Medium,37.78815634549407,-122.48646445650267
Drug Offense,Residential,Evening,Medium,37.77313165197033,-122.48023607794089
Theft,Park,Evening,Medium,37.76972754190538,-122.48194817716076
Assault,Industrial Area,Evening,High,37.77526382940718,-122.47375294148787
Theft,Shopping Center,Morning,Medium,37.74650552483006,-122.44747415812185
Burglary,Industrial Area,Evening,Low,37.7874170682157,-122.48887912526618
Vandalism,Shopping Center,Afternoon,Low,37.72034364751361,-122.41318307046735
Assault,Suburb,Afternoon,High,37.71273864160003,-122.47026384686916
Theft,Downtown,Morning,High,37.72855087801185,-122.48374620125313
Drug Offense,Suburb,Afternoon,Medium,37.7531577396775,-122.43243786904019
Burglary,Residential,Afternoon,High,37.75105617954093,-122.49619136994006
Burglary,Residential,Evening,Low,37.78205987576766,-122.43800314351259
Theft,Shopping Center,Afternoon,Medium,37.740456865640404,-122.43018015693235
Vandalism,Park,Morning,Low,37.748434442629154,-122.47850834686133
Theft,Park,Evening,Medium,37.701336768325945,-122.49580359265563
Assault,Shopping Center,Night,High,37.7409739236443,-122.46363546410805
Theft,Residential,Evening,Medium,37.76477742329504,-122.4901405769758
Burglary,Residential,Morning,Medium,37.70155083306266,-122.48835221503266
Theft,Residential,Evening,Low,37.72808819651863,-122.47457387685552
Vandalism,Suburb,Evening,Low,37.720795635928944,-122.47045320753733
Drug Offense,Residential,Morning,Medium,37.704198542890964,-122.44700296589787
Robbery,Industrial Area,Evening,High,37.747926008991456,-122.4321608114497
Theft,Downtown,Morning,High,37.71817232932282,-122.44072290591299
Vandalism,Residential,Morning,Low,37.77430815396313,-122.48516396627105
Vandalism,Shopping Center,Night,High,37.784792788376336,-122.48279139675473
Drug Offense,Downtown,Afternoon,Low,37.75455851826691,-122.41212307502072
Burglary,Suburb,Afternoon,High,37.79817073425211,-122.4441647684936
Vandalism,Shopping Center,Evening,Medium,37.74504785714706,-122.41300621671023
Vandalism,Downtown,Evening,Low,37.75133682102249,-122.46284534886802
Vandalism,Shopping Center,Night,Low,37.79892177539577,-122.43855999925687
Vandalism,Suburb,Night,Medium,37.723154843596504,-122.44763365839454
Assault,Industrial Area,Night,Low,37.794254593967686,-122.46808765101795
Assault,Suburb,Morning,High,37.704283755511916,-122.45300846279665
Burglary,Suburb,Night,High,37.74463868902632,-122.44975091231731
Theft,Shopping Center,Night,Low,37.70700035121331,-122.47992290252434
Vandalism,Park,Evening,High,37.77292347429136,-122.46849896276233
Drug Offense,Residential,Night,Low,37.760840893588004,-122.42085902494931
Theft,Residential,Morning,Medium,37.77066342634676,-122.40842117605459
Drug Offense,Industrial Area,Morning,Low,37.7374480399968,-122.46402059064548
Theft,Industrial Area,Evening,Medium,37.73694819340314,-122.4693027717791
Burglary,Residential,Night,High,37.70453192789609,-122.48048028354282
Vandalism,Park,Night,Medium,37.73499449395297,-122.43215088313495
Vandalism,Residential,Morning,High,37.7929288402262,-122.46769002983336
Robbery,Park,Night,Low,37.737922653718044,-122.40122504609009
Drug Offense,Industrial Area,Night,High,37.78313677062219,-122.4674315197936
Theft,Downtown,Night,Low,37.78423255047499,-122.46058639532174
Theft,Shopping Center,Afternoon,Low,37.737324115637925,-122.4396665803788
Assault,Industrial Area,Evening,Medium,37.763198868039616,-122.41983157068087
Robbery,Industrial Area,Afternoon,Medium,37.709537160227306,-122.45304813346544
Assault,Suburb,Evening,Medium,37.71036785807343,-122.4577343966211
Assault,Suburb,Morning,Medium,37.704865766366176,-122.40043621664053
Assault,Suburb,Night,High,37.75810150933751,-122.498950635886
Drug Offense,Shopping Center,Evening,High,37.74260709776261,-122.41049347111488
Drug Offense,Suburb,Afternoon,High,37.75480323566642,-122.48508591740602
Burglary,Park,Night,Low,37.752107319050836,-122.42140747237912
Burglary,Residential,Morning,High,37.735020299109074,-122.43820684401537
Assault,Downtown,Evening,High,37.76774734148235,-122.4658152714502
Robbery,Industrial Area,Evening,High,37.77585018809164,-122.4126125044479
Theft,Park,Evening,Medium,37.70146282588777,-122.4987092772019
Drug Offense,Downtown,Night,High,37.72072422997689,-122.4773309347925
Robbery,Park,Afternoon,Low,37.771323586808336,-122.44331072037505
Vandalism,Park,Afternoon,Medium,37.73866201726339,-122.46484577399504
Drug Offense,Industrial Area,Evening,Low,37.76624839469416,-122.43896225046817
Drug Offense,Residential,Morning,High,37.734696265973454,-122.49758898065913
Burglary,Suburb,Morning,Medium,37.73907551523296,-122.48835410695183
Theft,Shopping Center,Afternoon,Low,37.71586788736897,-122.48729037597816
Theft,Residential,Morning,High,37.72582310196662,-122.4810716354084
Vandalism,Shopping Center,Afternoon,Low,37.76054117575076,-122.45406685591995
Vandalism,Industrial Area,Evening,Low,37.743316311131515,-122.42478713004564
Drug Offense,Industrial Area,Afternoon,Low,37.77743026829446,-122.40944611620712
Assault,Industrial Area,Afternoon,High,37.785258495493835,-122.41646274697158
Burglary,Downtown,Evening,High,37.754164641821674,-122.48031121282243
Burglary,Shopping Center,Morning,Low,37.775826729205605,-122.45588494477694
Drug Offense,Residential,Afternoon,Medium,37.73069045131946,-122.48005884022415
Robbery,Residential,Afternoon,Medium,37.74149712154001,-122.47355281833329
Assault,Park,Evening,High,37.77127776762168,-122.44964530184882
Drug Offense,Park,Morning,High,37.7386211992817,-122.49318909752765
Assault,Park,Afternoon,High,37.7588504935159,-122.47818256704068
Assault,Industrial Area,Evening,High,37.718537277908254,-122.4064621838693
Assault,Residential,Afternoon,High,37.75997713149705,-122.45338837073416
Drug Offense,Shopping Center,Night,Medium,37.786151370722685,-122.45546134740222
Burglary,Industrial Area,Evening,High,37.78686396398234,-122.49854328452487
Burglary,Downtown,Morning,Low,37.77243444063295,-122.47526002529416
Assault,Park,Morning,Low,37.77457533790761,-122.41337075640179
Robbery,Industrial Area,Morning,Medium,37.75579274451507,-122.48353715717414
Theft,Industrial Area,Morning,Low,37.75846680901658,-122.45848750604652
Drug Offense,Downtown,Afternoon,Medium,37.71336505814105,-122.4985669094133
Theft,Suburb,Afternoon,Medium,37.74438591884213,-122.45216645183295
Robbery,Residential,Morning,Low,37.745077628388636,-122.49789788932738
Drug Offense,Shopping Center,Morning,High,37.79584978356677,-122.41803904469343
Assault,Suburb,Morning,Low,37.74310868626233,-122.4175146232513
Burglary,Park,Afternoon,Low,37.754934264490274,-122.42122578116977
Theft,Industrial Area,Morning,Medium,37.75332513992791,-122.47166359311089
Vandalism,Downtown,Morning,Low,37.76367617170443,-122.41627627817782
Vandalism,Downtown,Night,Medium,37.77482328313319,-122.44570018673947
Robbery,Residential,Night,High,37.72250418761709,-122.4626191891133
Assault,Suburb,Morning,High,37.752872441909844,-122.43746700402959
Theft,Residential,Evening,High,37.7825917707316,-122.49876589539396
Assault,Industrial Area,Morning,Low,37.74631147138375,-122.48570391223993
Theft,Residential,Night,Medium,37.72784575463736,-122.42577064618298
Robbery,Shopping Center,Evening,High,37.76547090753563,-122.47558383912839
Robbery,Downtown,Evening,Medium,37.78237673957991,-122.44019908826712
Vandalism,Downtown,Morning,Medium,37.70631402929274,-122.4614897397177
Assault,Park,Night,High,37.77767904834072,-122.41451942212008
Drug Offense,Park,Night,High,37.782164793296175,-122.40475846940033
Vandalism,Industrial Area,Evening,Medium,37.74615229275886,-122.41164352716298
Assault,Shopping Center,Morning,High,37.798330565681844,-122.47293800053065
Vandalism,Suburb,Afternoon,Medium,37.77867083407073,-122.4805837130954
Drug Offense,Residential,Afternoon,Medium,37.777366256489564,-122.45255651063793
Burglary,Industrial Area,Night,High,37.77478385744121,-122.49926658491638
Burglary,Park,Afternoon,Low,37.71506081032183,-122.49741906071368
Burglary,Residential,Night,High,37.721723088645305,-122.44467093603771
Burglary,Park,Night,Low,37.746399013146444,-122.44795505958348
Theft,Residential,Night,Medium,37.726400434995945,-122.40054180109648
Burglary,Suburb,Afternoon,Medium,37.7415240972334,-122.47981581646363
Drug Offense,Industrial Area,Night,Low,37.78884641099229,-122.47418960708396
Robbery,Residential,Evening,Medium,37.78243268918793,-122.48864593576737
Robbery,Shopping Center,Morning,Low,37.763003987847995,-122.40824569903464
Theft,Downtown,Morning,Low,37.78581203942511,-122.42221887555417
Burglary,Shopping Center,Night,Medium,37.778377238901726,-122.41776608885432
Burglary,Shopping Center,Morning,Low,37.74289849318409,-122.40972362120355
Burglary,Downtown,Afternoon,High,37.720106515204996,-122.44751000132742
Vandalism,Shopping Center,Afternoon,High,37.751420104000935,-122.45488068085493
Assault,Residential,Morning,Medium,37.77362288825285,-122.46696085263343
Vandalism,Residential,Afternoon,Medium,37.74364195987296,-122.44107853856522
Assault,Residential,Morning,Low,37.76667719097839,-122.45457216032102
Burglary,Downtown,Morning,Low,37.709432742629104,-122.45484344133945
Burglary,Shopping Center,Morning,Low,37.774800473637136,-122.40630721362689
Vandalism,Downtown,Night,Low,37.781271361989305,-122.4015968485721
Vandalism,Residential,Morning,High,37.77068378557805,-122.42035156106705
Assault,Shopping Center,Night,High,37.796726358752636,-122.42432419097531
Robbery,Shopping Center,Morning,Medium,37.78266520574606,-122.4319441838221
Assault,Park,Morning,Low,37.790309372787654,-122.48339251476665
Vandalism,Park,Morning,Low,37.79335710834576,-122.49408941791243
Drug Offense,Suburb,Afternoon,Medium,37.78013479918738,-122.43092736848868
Vandalism,Industrial Area,Night,Low,37.76742588420065,-122.42712137777434
Drug Offense,Park,Night,Low,37.70057185813608,-122.49530270089019
Theft,Downtown,Morning,Low,37.746582575322314,-122.40719482497713
Vandalism,Park,Morning,Low,37.757116229862234,-122.49088593605553
Theft,Suburb,Afternoon,Low,37.730403027244805,-122.47140994662288
Robbery,Shopping Center,Afternoon,Medium,37.731810444690346,-122.43276101872013
Assault,Suburb,Afternoon,Low,37.79611594157102,-122.48301274055956
Drug Offense,Shopping Center,Night,Medium,37.78917108652027,-122.49445841115578
Assault,Shopping Center,Night,Low,37.78491790055017,-122.46688535108359
Theft,Industrial Area,Night,High,37.740601180170614,-122.42340284251449
Drug Offense,Park,Morning,High,37.701369855040895,-122.45863213210147
Assault,Downtown,Night,High,37.708022224645575,-122.43470270780921
Vandalism,Downtown,Evening,High,37.73121963682176,-122.4420380902772
Burglary,Residential,Evening,Medium,37.70157429129957,-122.49777815179745
Theft,Shopping Center,Afternoon,Medium,37.701714978191525,-122.40114600129543
Assault,Downtown,Night,Low,37.79166033016424,-122.49585719111806
Theft,Industrial Area,Evening,High,37.770615850211904,-122.40321972623515
Theft,Shopping Center,Afternoon,Medium,37.730895599006814,-122.44501358216357
Drug Offense,Industrial Area,Night,Low,37.7132644577601,-122.40368409729349
Drug Offense,Downtown,Morning,Low,37.751163571789505,-122.48852464005861
Burglary,Downtown,Evening,Medium,37.70053461608544,-122.45095914808145
Vandalism,Residential,Morning,High,37.79384137438581,-122.4830495908134
Theft,Downtown,Night,Low,37.74148151193889,-122.49490251229776
Assault,Shopping Center,Evening,High,37.74023349552373,-122.43824708849377
Robbery,Shopping Center,Night,High,37.739059360758176,-122.47922165790384
Theft,Shopping Center,Morning,High,37.70693283303878,-122.44123029817125
Theft,Residential,Evening,Low,37.76383222397918,-122.4887635518051
Burglary,Residential,Morning,High,37.77330036196283,-122.46680135285673
Vandalism,Downtown,Night,Low,37.76761253975883,-122.42183674419468
Robbery,Suburb,Night,High,37.71384354933294,-122.45629484781578
Drug Offense,Suburb,Morning,Low,37.75788401680356,-122.43722545851027
Drug Offense,Residential,Evening,High,37.756948448417226,-122.43525420592545
Assault,Downtown,Morning,Medium,37.78684107879413,-122.41562449560128
Robbery,Suburb,Night,High,37.737912765837564,-122.46750772055934
Drug Offense,Downtown,Morning,High,37.73714859436594,-122.43127044374175
Assault,Downtown,Night,Low,37.76185270587182,-122.40383841929538
Vandalism,Downtown,Morning,Low,37.76330726534995,-122.42697566656422
Assault,Park,Evening,High,37.74692852273258,-122.45101295232823
Drug Offense,Shopping Center,Evening,Medium,37.74430593623304,-122.43692825555081
Burglary,Downtown,Morning,Medium,37.74941476706379,-122.4260317102237
Burglary,Park,Morning,Low,37.78610452995033,-122.43877242343062
Burglary,Residential,Evening,Medium,37.74611669012539,-122.49833241865102
Drug Offense,Suburb,Night,High,37.79399317919698,-122.48052265023128
Burglary,Shopping Center,Evening,Low,37.750400376359636,-122.41895317827846
Robbery,Suburb,Night,High,37.79492006931809,-122.47273493526875
Vandalism,Shopping Center,Morning,Low,37.78328319018691,-122.4268437880439
Assault,Suburb,Morning,Low,37.736243132261585,-122.46278797847583
Assault,Shopping Center,Night,Low,37.786364142129656,-122.4478115671842
Drug Offense,Suburb,Morning,Low,37.71100632842011,-122.49320267001806
Burglary,Suburb,Night,Medium,37.7925047175343,-122.48187744389503
Burglary,Suburb,Afternoon,High,37.76316435150829,-122.40428030364808
Theft,Suburb,Evening,High,37.70543907485224,-122.41098619465531
Vandalism,Residential,Afternoon,High,37.76442567236508,-122.4347724889101
Robbery,Downtown,Night,Low,37.797424765414476,-122.45403554026143
Assault,Industrial Area,Evening,Medium,37.706980065461465,-122.43242387071048
Theft,Park,Night,High,37.755468770978005,-122.43813897109061
Theft,Industrial Area,Evening,Medium,37.77477943497593,-122.44314477443955
Drug Offense,Industrial Area,Evening,Low,37.78102585866995,-122.49408229281364
Assault,Shopping Center,Evening,High,37.74138274653208,-122.43671973893386
Drug Offense,Downtown,Evening,Medium,37.72041665591683,-122.42310799554289
Robbery,Shopping Center,Night,Low,37.704234227877244,-122.40059183453545
Theft,Downtown,Evening,Medium,37.757972615709726,-122.49889214474057
Theft,Downtown,Evening,High,37.74529110702676,-122.42698265466893
Vandalism,Suburb,Afternoon,High,37.79487443951497,-122.4428210684064
Robbery,Residential,Morning,Low,37.70606049077149,-122.4565947823919
Theft,Suburb,Morning,Low,37.7685395343446,-122.48724298254287
Robbery,Residential,Afternoon,Low,37.70249662221201,-122.45909148513651
Assault,Shopping Center,Afternoon,Medium,37.71714341767105,-122.46456228170139
Burglary,Residential,Night,Medium,37.745357899992285,-122.46971701110213
Theft,Shopping Center,Night,Medium,37.745487244280284,-122.42691203766779
Vandalism,Industrial Area,Night,Low,37.76857005429336,-122.42992744787158
Assault,Industrial Area,Afternoon,High,37.79102130348677,-122.44109799090191
Robbery,Residential,Afternoon,High,37.76390321589149,-122.40613351867067
Drug Offense,Residential,Evening,Medium,37.79535350978515,-122.46501456158191
Assault,Shopping Center,Night,Medium,37.7881615639878,-122.47561980622898
Theft,Suburb,Night,High,37.75844997955308,-122.43440966869017
Robbery,Shopping Center,Night,High,37.78337919509188,-122.48011859390625
Burglary,Suburb,Morning,Medium,37.76425776103236,-122.46849894928165
Assault,Industrial Area,Evening,Medium,37.70785578309238,-122.47753975599251
Theft,Downtown,Night,High,37.77405647232595,-122.49308464322814
Vandalism,Residential,Night,Low,37.709490844126734,-122.41725012583643
Drug Offense,Suburb,Night,Medium,37.75940827805697,-122.47454594570783
Robbery,Shopping Center,Morning,High,37.77026402058582,-122.4526972496657
Assault,Industrial Area,Morning,High,37.706652760821086,-122.49566847267457
Assault,Suburb,Afternoon,High,37.72307946539266,-122.43006605337474
Burglary,Shopping Center,Evening,High,37.79156722322616,-122.46694389976938
Burglary,Residential,Afternoon,Low,37.76163144922329,-122.42552632721709
Vandalism,Residential,Evening,High,37.72462860188106,-122.45875969395321
Drug Offense,Park,Morning,Medium,37.7690679771148,-122.48042443935944
Vandalism,Downtown,Night,Low,37.75967764199617,-122.4486824917718
Theft,Park,Afternoon,High,37.75015756999179,-122.48694954403625
Theft,Industrial Area,Night,Low,37.797618697498805,-122.45594608401271
Vandalism,Suburb,Afternoon,Medium,37.76834537774075,-122.46826945225796
